seq_id,chromosome,start,end,strand,sequence,sequence_length,pool,mpra_log2_ratio,mpra_activity,mpra_rna_count,mpra_dna_count,n_variants,dnase_mean,dnase_max,dnase_center,rna_mean,rna_max,rna_center,cage_mean,cage_max,cage_center,success,error
chr11:100720705-100720721+,chr11,100720705,100720721,+,AGCTGGGCAAAGGGGA,16,Pool6,-0.7648589524788125,0.6875718002572277,2079766,3042147,547,0.00016580196,0.00491333,0.000532546,8.384186e-07,9.918213e-05,1.9751544e-06,7.0372116e-05,0.0021972656,0.00022601664,True,
chr13:99262450-99262466+,chr13,99262450,99262466,+,AGTAGGGAGAAGGGTA,16,Pool6,-0.904229641507682,0.6064926788045233,751457,1260444,196,0.0001691425,0.00491333,0.00054705143,9.156656e-07,0.00010442734,2.4545454e-06,7.842979e-05,0.0024719238,0.00030862153,True,
chr5:77857361-77857377-,chr5,77857361,77857377,-,TGTAGGCCAAAGTGGA,16,Pool6,-1.4515198697678555,0.4272992674717305,308273,600226,196,0.00018522114,0.005584717,0.0006966782,9.640921e-07,0.000108242035,2.8497466e-06,7.89341e-05,0.0021972656,0.0003054118,True,
chr3:30881175-30881191+,chr3,30881175,30881191,+,TCTGGGCAAAAGGGTA,16,Pool6,-0.0951138468557847,1.3248028607216715,2170548,1724974,235,0.00017294532,0.00491333,0.00055895804,9.0331895e-07,9.918213e-05,2.3520906e-06,7.462068e-05,0.0021972656,0.0002572757,True,
chr16:25786848-25786864-,chr16,25786848,25786864,-,TGTGGAGGAAAGTGCA,16,Pool6,-1.0883653755165037,0.5540718758844018,335680,615391,118,0.0001760922,0.004760742,0.00063325407,9.039942e-07,9.536743e-05,2.6258213e-06,7.6834636e-05,0.0033721924,0.00030005575,True,
chr8:129376257-129376273-,chr8,129376257,129376273,-,CAGAGGCCAAAGGGCA,16,Pool6,-0.6058868183829371,0.9296407332970884,3171662,3399962,664,0.00018555397,0.0052490234,0.00065806863,9.1333766e-07,0.000108242035,2.1116136e-06,7.395497e-05,0.0023498535,0.00024701477,True,
chr15:67824068-67824084-,chr15,67824068,67824084,-,AGTAGGACAGGGGTTA,16,Pool7,-2.214873141148868,0.8673660538557542,2058521,1758528,1081,0.00019146415,0.0065307617,0.0007000351,1.0211661e-06,0.000108242035,3.001932e-06,9.0058355e-05,0.0046691895,0.00039999723,True,
chr13:46069370-46069386+,chr13,46069370,46069386,+,TGAAGGTCAGAGTTTA,16,Pool7,-0.9219458678531472,0.7869406971796743,3517580,4143863,1081,0.00017661758,0.0054016113,0.00054795266,9.571603e-07,0.00011301041,2.2674035e-06,7.64834e-05,0.0023498535,0.0002717668,True,
chr5:149764925-149764941+,chr5,149764925,149764941,+,AAGAGGGAAAAGGTCA,16,Pool6,0.0488186921427667,1.2540887063168915,1478304,1193967,196,0.00017446477,0.0052490234,0.00053073885,9.622894e-07,0.000108242035,2.349291e-06,7.304193e-05,0.0021972656,0.000237602,True,
chr16:18537915-18537931+,chr16,18537915,18537931,+,GCTGGGTGAGAGATCA,16,Pool6,-1.7570516061062855,0.3051506152049829,241346,810244,196,0.00017379737,0.00491333,0.000589757,9.082688e-07,9.918213e-05,2.4566707e-06,7.502976e-05,0.0021972656,0.0002731073,True,
chr5:130362871-130362887+,chr5,130362871,130362887,+,TCTAGGGAAAAGGTCA,16,Pool6,-1.253694058500041,0.4622963306831075,94147,201908,40,0.00019226421,0.005584717,0.00064488413,1.0899314e-06,0.00011730194,2.903104e-06,7.812171e-05,0.0029907227,0.0002624321,True,
chr9:66727485-66727501+,chr9,66727485,66727501,+,AGTGGGGCAGAGGGCA,16,Pool7,-0.8062926340358993,0.927112157617474,4230430,4276628,1081,0.0001739579,0.00491333,0.0005901051,8.9565555e-07,9.918213e-05,2.4257358e-06,7.2052106e-05,0.0021972656,0.00023698687,True,
chr17:86692766-86692782-,chr17,86692766,86692782,-,AGTAGGACAGAGGTTA,16,Pool6,-1.1707941346334565,0.4789919034400937,645314,1388352,235,0.00019626808,0.00579834,0.0007115269,1.0795804e-06,0.00011301041,3.2237451e-06,8.856127e-05,0.0033721924,0.00038353802,True,
chr6:89535948-89535964-,chr6,89535948,89535964,-,ACTGGGTTAAAGGCTA,16,Pool6,-1.118267523625238,0.5030321779052778,293559,593112,157,0.00018799817,0.0052490234,0.0006434441,9.991929e-07,0.000108242035,2.7129968e-06,8.340576e-05,0.0021972656,0.0003257358,True,
chr5:51987228-51987244-,chr5,51987228,51987244,-,AGTAGGGGAAAGAGTA,16,Pool6,-1.053556023736931,0.5392587515569819,856685,1638231,313,0.0001706942,0.00491333,0.00055546284,9.483041e-07,0.00010442734,2.7422923e-06,8.2041646e-05,0.0031738281,0.00034447788,True,
chr5:138648849-138648865+,chr5,138648849,138648865,+,GGTGGGTCATGGGGCA,16,Pool6,-1.2421706538172463,0.4566002898687712,521791,1153613,313,0.00017473061,0.0065307617,0.00063738343,8.6181643e-07,9.918213e-05,2.2304841e-06,7.3300165e-05,0.0021972656,0.00025815904,True,
chr9:31069960-31069976-,chr9,31069960,31069976,-,ATTGGGGAGAAGGGCA,16,Pool6,-0.3833543219032655,1.0419243834234828,791440,796133,118,0.00016135024,0.00491333,0.0005006504,8.3942194e-07,9.918213e-05,2.1030587e-06,6.932636e-05,0.0021972656,0.00022007644,True,
chr3:106351263-106351279-,chr3,106351263,106351279,-,ATTAGGGCAAAGGTTT,16,Pool6,-0.970140011358642,0.6064113560008719,458927,774732,196,0.00017053168,0.00491333,0.00053768157,8.7093485e-07,9.918213e-05,2.2228323e-06,7.519718e-05,0.0032043457,0.0002749753,True,
